user_input,faithfulness,context_precision,answer_relevancy,context_recall
请问操作系统在计算机中主要起什么作用？,1.0,0.7555555555303703,0.9152768481705537,0.6666666666666666
为什么计算机的操作系统需要不断地发展和升级？,1.0,0.0,0.9977370235473257,0.6
计算机中常说的“进程”具体是指什么？系统为什么要引入这个概念？,1.0,0.99999999995,0.9346530068616917,1.0
既然操作系统中已经有了进程，为什么还要引入“线程”？这样做有什么好处？,1.0,0.999999999975,0.8954771558592233,1.0
计算机运行中所谓的“死锁”现象，具体指的是一种什么情况？,1.0,0.0,0.8905529397360233,0.5
计算机的物理内存通常有限，为什么却能运行比实际内存大得多的软件或游戏？,1.0,0.8972222222072685,0.9365239431447694,1.0
计算机有时会卡顿并频繁读写硬盘，这在操作系统中被称为“抖动”，请问产生抖动的原因是什么？,1.0,0.7499999999625,0.9306309872577996,1.0
计算机在处理如打印、读写U盘等输入输出操作时，为什么经常需要使用“缓冲区”？,1.0,0.9166666666361111,0.8774973071260577,0.5
多个人同时向一台打印机发送打印任务时，为什么打印机不会出现混乱？操作系统是如何处理的？,0.875,0.6388888888675925,0.9552031612943307,1.0
计算机中的文件通常被组织成树形目录结构，这种层次化的设计有什么好处？,1.0,0.9999999999,0.9152814617120081,1.0
操作系统中提供“文件共享”功能的主要目的是什么？如果不能共享文件会带来哪些问题？,0.9090909090909091,0.99999999995,0.9647448335801668,0.75
为了防止因为物理硬盘损坏而导致数据丢失，操作系统通常会采取哪些容错技术？,0.9615384615384616,0.9761904761742063,0.9536743294271982,1.0
常说的“虚拟化”技术和“虚拟机”到底能给计算机系统的使用带来哪些好处？,1.0,0.0,0.9472137779326861,0.6666666666666666
目前广泛应用的“云计算”技术，通常具备哪些基本特征？,0.3684210526315789,0.9999999999,0.9237078917659095,1.0
计算机病毒和计算机蠕虫都是恶意软件，请问它们在运行和传播方式上有什么主要的区别？,1.0,0.9999999999,0.964401027777184,1.0
